# passes 3919 tokens 11980 distinct routed (l,e)/pass 1070.8
size_MB	budget_GB	slots	policy	ring_share	cpu/pass	pcie/pass	miss/pass	miss/token	coverage
1.95	13.5	6923	engine	0.4	212.1	51.7	263.8	86.3	0.439
1.95	13.5	6923	admit	0.4	146.9	34.4	181.4	59.3	0.439
1.95	13.5	6923	oracle	0.0	271.9	0.0	271.9	88.9	0.746
1.95	18.0	9230	engine	0.4	134.5	31.0	165.5	54.1	0.534
1.95	18.0	9230	admit	0.4	81.4	16.8	98.2	32.1	0.534
1.95	18.0	9230	oracle	0.0	167.3	0.0	167.3	54.7	0.844
1.95	33.0	16923	engine	0.2	35.5	4.4	39.9	13.1	0.831
1.95	33.0	16923	admit	0.4	12.5	1.1	13.6	4.5	0.739
1.95	33.0	16923	oracle	0.0	15.6	0.0	15.6	5.1	0.985
1.38	13.5	9782	engine	0.4	120.6	27.2	147.7	48.3	0.554
1.38	13.5	9782	admit	0.4	71.1	14.1	85.2	27.9	0.554
1.38	13.5	9782	oracle	0.0	147.5	0.0	147.5	48.3	0.862
1.38	18.0	13043	engine	0.4	66.8	12.0	78.8	25.8	0.656
1.38	18.0	13043	admit	0.4	32.6	4.9	37.5	12.3	0.656
1.38	18.0	13043	oracle	0.0	62.7	0.0	62.7	20.5	0.941
1.38	33.0	23913	engine	0.0	11.0	0.4	11.3	3.7	0.989
1.38	33.0	23913	admit	0.2	1.2	0.0	1.2	0.4	0.926
1.38	33.0	23913	oracle	0.0	0.0	0.0	0.0	0.0	1.000
